id_zona,nombre_zona,sector_general,servicio,query_ejecutada,osm_id,osm_type,direccion_completa_encontrada,lat_actual_codigo,lon_actual_codigo,lat_geocodificada,lon_geocodificada,distancia_diff_m,diferencia_gt_300m,dentro_monteria_boundary_actual,dentro_monteria_boundary_geocodificada,distancia_al_borde_m
ZC_01,Glorieta de Mocarí,Norte (Acceso Anillo Vial / Mocarí),Nominatim,"Mocarí, Montería, Córdoba, Colombia",703318240,node,"Mocari, Comuna 9, Perímetro Urbano Montería, Centro, Córdoba, RAP Caribe, 230009, Colombia",8.7952,-75.8621,8.80047,-75.855003,975.5,True,True,True,422.1
ZC_02,Malibú / Vía Cereté (Garzones),Norte Oriente (Corredor Aeropuerto),ArcGIS,"Barrio Los Garzones, Montería, Córdoba",ArcGIS_Locator,Feature,"Los Garzones, Montería, Córdoba",8.815,-75.835,8.8249,-75.84229,1361.4,True,False,False,1578.1
ZC_03,Universidad de Córdoba (Unicor),Norte (Carrera 6 / Corredor Educativo),Nominatim,"Universidad de Córdoba, Montería, Córdoba, Colombia",547141859,way,"Universidad de Córdoba, Carrera 3, Comuna 8, Perímetro Urbano Montería, Centro, Córdoba, RAP Caribe, 230002, Colombia",8.784,-75.857,8.790424,-75.861793,887.4,True,True,True,346.4
ZC_04,Avenida Circunvalar / Calle 41,Centro Oriente (Arteria Principal / Alamedas),Nominatim,"Centro Comercial Alamedas del Sinú, Montería, Colombia",39256532,way,"Centro Comercial Alamedas del Sinú, Carrera 8, Luis Carlos Galán, Comuna 7, Perímetro Urbano Montería, Centro, Córdoba, RAP Caribe, 230002, Colombia",8.758,-75.873,8.763296,-75.873706,593.9,True,True,True,535.2
ZC_05,Sector Centro (Carreras 2 a 6),Centro Histórico y Administrativo,Nominatim,"Parque Simón Bolívar, Montería, Córdoba, Colombia",42563761,way,"Parque Simón Bolívar, Comuna 5, Perímetro Urbano Montería, Centro, Córdoba, RAP Caribe, Colombia",8.751,-75.885,8.755898,-75.886984,586.6,True,True,True,1519.5
ZC_06,Glorieta de las Vacas / Terminal,Centro Oriente (Anillo Vial / Calle 41),Nominatim,"Terminal de Transportes de Montería, Colombia",548264779,way,"Terminal De Transportes, Calle 42, Altos de la Floresta, Comuna 8, Perímetro Urbano Montería, Centro, Córdoba, RAP Caribe, 230003, Colombia",8.7451,-75.8633,8.748558,-75.867643,612.9,True,True,True,601.2
ZC_07,Cantaclaro,Oriente (Sector Residencial y Comercial),Nominatim,"Cantaclaro, Montería, Córdoba, Colombia",13546777326,node,"Cantaclaro, Comuna 6, Perímetro Urbano Montería, Centro, Córdoba, RAP Caribe, 230003, Colombia",8.7387,-75.8632,8.740323,-75.867316,487.1,True,True,True,1236.1
ZC_08,La Granja (Diagonal 21 / Cra 24F),Sur Occidente (Núcleo Urbano Sur),Nominatim,"La Granja, Montería, Córdoba, Colombia",13546716220,node,"La Granja, Comuna 3, Perímetro Urbano Montería, Centro, Córdoba, RAP Caribe, 230004, Colombia",8.736,-75.889,8.73799,-75.894669,661.1,True,True,True,593.5
ZC_09,Mogambo / Calle 4 Sur,Sur (Eje Residencial Sur Oriental),Nominatim,"Mogambo, Montería, Córdoba, Colombia",13546716297,node,"Mogambo, Comuna 4, Perímetro Urbano Montería, Centro, Córdoba, RAP Caribe, 230004, Colombia",8.729,-75.875,8.728639,-75.881794,747.8,True,True,True,864.2
ZC_10,Rancho Grande (Margen Izquierda),Centro Occidente (Margen Izquierda),Nominatim,"Rancho Grande, Montería, Córdoba, Colombia",13546716208,node,"Rancho Grande, Comuna 1, Perímetro Urbano Montería, Centro, Córdoba, RAP Caribe, 230004, Colombia",8.758,-75.901,8.752114,-75.907972,1007.7,True,True,True,645.4
ZC_11,Pringamosa / El Dorado,Norte Occidente (Margen Izquierda),Nominatim,"Barrio el Dorado, Montería, Córdoba, Colombia",771099561,way,"Barrio el Dorado, Comuna 1, Perímetro Urbano Montería, Centro, Córdoba, RAP Caribe, Colombia",8.7717,-75.8939,8.764055,-75.899484,1048.4,True,False,True,512.8
ZC_12,Los Pericos / Troncal Oriental,Oriente (Salida Troncal a Planeta Rica),ArcGIS,"Los Pericos, Montería, Córdoba",ArcGIS_Locator,Feature,"Los Pericos, Montería, Córdoba",8.762,-75.842,8.74254,-75.83467,2308.9,True,False,False,1076.1
ZC_13,Loma Grande,Sur Oriente Periurbano,Nominatim,"Loma Grande, Montería, Córdoba, Colombia",12487371427,node,"Escuela Rural Mixta Loma Grande, Vía Monteria - Planeta Rica, Perímetro Urbano Montería, Centro, Córdoba, RAP Caribe, 230017, Colombia",8.705829,-75.843551,8.694447,-75.841499,1285.6,True,False,False,4111.3
