id_accidente,latitud,longitud,tipo_accidente,gravedad,fallecidos,heridos,fecha
1,8.76321785382528,-75.91292209885837,Atropello Peatón,Solo Daños,0,0,2025-01-01 00:00:00
2,8.74734339247072,-75.85845345132363,Atropello Peatón,Solo Daños,0,0,2025-01-01 12:00:00
3,8.766992213452518,-75.82834609507468,Choque Vehicular,Solo Daños,0,0,2025-01-02 00:00:00
4,8.7888757464102,-75.85558836848622,Caída Ocupante,Solo Daños,0,0,2025-01-02 12:00:00
5,8.744946165631916,-75.91938424914885,Atropello Peatón,Con Heridos,0,1,2025-01-03 00:00:00
6,8.74494657607627,-75.89350585182166,Choque Vehicular,Solo Daños,0,0,2025-01-03 12:00:00
7,8.790280320387685,-75.84972722127033,Choque Vehicular,Solo Daños,0,0,2025-01-04 00:00:00
8,8.769985868228822,-75.89909173664047,Choque Vehicular,Solo Daños,0,0,2025-01-04 12:00:00
9,8.739063140351625,-75.87030451429635,Choque Vehicular,Solo Daños,0,0,2025-01-05 00:00:00
10,8.76436400108965,-75.86203414866426,Choque Vehicular,Con Muertos,2,0,2025-01-05 12:00:00
11,8.739214557679688,-75.90457326178945,Choque Vehicular,Con Heridos,0,1,2025-01-06 00:00:00
12,8.739156756160744,-75.88288813390155,Choque Vehicular,Solo Daños,0,0,2025-01-06 12:00:00
13,8.75684905678915,-75.96243168350172,Choque Vehicular,Con Heridos,0,3,2025-01-07 00:00:00
14,8.702967993883554,-75.90700969103335,Volcamiento,Solo Daños,0,0,2025-01-07 12:00:00
15,8.707677054187174,-75.88771420378482,Choque Vehicular,Con Heridos,0,2,2025-01-08 00:00:00
16,8.736742811768975,-75.91259457954912,Choque Vehicular,Con Heridos,0,1,2025-01-08 12:00:00
17,8.72547922199164,-75.84058971740171,Choque Vehicular,Solo Daños,0,0,2025-01-09 00:00:00
18,8.758656183314882,-75.91715353444901,Caída Ocupante,Solo Daños,0,0,2025-01-09 12:00:00
19,8.72809939811197,-75.89240111216742,Choque Vehicular,Solo Daños,0,0,2025-01-10 00:00:00
20,8.715492407466618,-75.87813148556785,Choque Vehicular,Solo Daños,0,0,2025-01-10 12:00:00
21,8.78744121922304,-75.84536816777334,Caída Ocupante,Con Heridos,0,3,2025-01-11 00:00:00
22,8.745155592487837,-75.91729655377948,Volcamiento,Solo Daños,0,0,2025-01-11 12:00:00
23,8.752488205117197,-75.85232090619613,Volcamiento,Solo Daños,0,0,2025-01-12 00:00:00
24,8.715181295344664,-75.88114417347451,Choque Vehicular,Con Heridos,0,2,2025-01-12 12:00:00
25,8.737190431886871,-75.9059377162762,Choque Vehicular,Con Muertos,1,0,2025-01-13 00:00:00
26,8.753573064742747,-75.86984741314342,Atropello Peatón,Solo Daños,0,0,2025-01-13 12:00:00
27,8.722025160564442,-75.87642350761067,Caída Ocupante,Solo Daños,0,0,2025-01-14 00:00:00
28,8.760192450458641,-75.89640542192897,Atropello Peatón,Solo Daños,0,0,2025-01-14 12:00:00
29,8.73578403275203,-75.87965494787525,Atropello Peatón,Solo Daños,0,0,2025-01-15 00:00:00
30,8.743507656255169,-75.89103283992155,Choque Vehicular,Con Muertos,1,0,2025-01-15 12:00:00
31,8.735757334694265,-75.87856206636872,Atropello Peatón,Solo Daños,0,0,2025-01-16 00:00:00
32,8.797106954612723,-75.86484673313697,Choque Vehicular,Solo Daños,0,0,2025-01-16 12:00:00
33,8.750462569381552,-75.84174957959637,Choque Vehicular,Solo Daños,0,0,2025-01-17 00:00:00
34,8.724357226776103,-75.91234538747067,Choque Vehicular,Solo Daños,0,0,2025-01-17 12:00:00
35,8.77136362280258,-75.8280741656336,Choque Vehicular,Con Heridos,0,3,2025-01-18 00:00:00
36,8.720278908750725,-75.93020219498806,Choque Vehicular,Con Heridos,0,2,2025-01-18 12:00:00
37,8.756021589875118,-75.8851946273759,Choque Vehicular,Solo Daños,0,0,2025-01-19 00:00:00
38,8.701808246903006,-75.86669206983788,Atropello Peatón,Solo Daños,0,0,2025-01-19 12:00:00
39,8.71759534877754,-75.87437520330663,Choque Vehicular,Solo Daños,0,0,2025-01-20 00:00:00
40,8.755721530896729,-75.89696748799551,Atropello Peatón,Con Muertos,1,0,2025-01-20 12:00:00
41,8.769261664499885,-75.88660305625893,Choque Vehicular,Con Heridos,0,3,2025-01-21 00:00:00
42,8.75508420702975,-75.89372502336647,Choque Vehicular,Solo Daños,0,0,2025-01-21 12:00:00
43,8.747908792940294,-75.8961341189236,Choque Vehicular,Con Heridos,0,2,2025-01-22 00:00:00
44,8.743272407610268,-75.86015994757447,Choque Vehicular,Con Heridos,0,1,2025-01-22 12:00:00
45,8.713836950240815,-75.87247461285088,Choque Vehicular,Solo Daños,0,0,2025-01-23 00:00:00
46,8.732803894790132,-75.89872273988152,Choque Vehicular,Con Muertos,1,0,2025-01-23 12:00:00
47,8.739284030726004,-75.85891000311416,Choque Vehicular,Solo Daños,0,0,2025-01-24 00:00:00
48,8.777228055655472,-75.87371751197809,Caída Ocupante,Solo Daños,0,0,2025-01-24 12:00:00
49,8.759390457239212,-75.86107844702903,Choque Vehicular,Solo Daños,0,0,2025-01-25 00:00:00
50,8.706723996115931,-75.86565927895191,Volcamiento,Solo Daños,0,0,2025-01-25 12:00:00
51,8.75890209923487,-75.90212487527305,Choque Vehicular,Solo Daños,0,0,2025-01-26 00:00:00
52,8.741172942989593,-75.89540452600492,Atropello Peatón,Con Heridos,0,2,2025-01-26 12:00:00
53,8.73387694999235,-75.86271765987192,Atropello Peatón,Solo Daños,0,0,2025-01-27 00:00:00
54,8.766091907221021,-75.86614074336416,Atropello Peatón,Con Heridos,0,3,2025-01-27 12:00:00
55,8.776574988062398,-75.8819225398491,Choque Vehicular,Solo Daños,0,0,2025-01-28 00:00:00
56,8.774082002977904,-75.87846681541728,Choque Vehicular,Solo Daños,0,0,2025-01-28 12:00:00
57,8.729819561919435,-75.84945837760529,Choque Vehicular,Solo Daños,0,0,2025-01-29 00:00:00
58,8.74306969060372,-75.89618928472089,Caída Ocupante,Solo Daños,0,0,2025-01-29 12:00:00
59,8.75908158578509,-75.86772256547074,Volcamiento,Con Heridos,0,3,2025-01-30 00:00:00
60,8.775188628178059,-75.88645481631085,Caída Ocupante,Solo Daños,0,0,2025-01-30 12:00:00
61,8.738820644053868,-75.88684203008069,Choque Vehicular,Solo Daños,0,0,2025-01-31 00:00:00
62,8.746158525583404,-75.85393057870031,Atropello Peatón,Solo Daños,0,0,2025-01-31 12:00:00
63,8.723141625649848,-75.8607645912753,Caída Ocupante,Con Heridos,0,2,2025-02-01 00:00:00
64,8.720894834397983,-75.86106225909998,Choque Vehicular,Con Muertos,2,0,2025-02-01 12:00:00
65,8.771113145559855,-75.84876302982114,Choque Vehicular,Con Heridos,0,1,2025-02-02 00:00:00
66,8.784706000714271,-75.88087490395918,Atropello Peatón,Solo Daños,0,0,2025-02-02 12:00:00
67,8.748999746960491,-75.86435117571763,Atropello Peatón,Solo Daños,0,0,2025-02-03 00:00:00
68,8.775888322447301,-75.88915666891484,Volcamiento,Solo Daños,0,0,2025-02-03 12:00:00
69,8.759840900626191,-75.87329584118778,Choque Vehicular,Solo Daños,0,0,2025-02-04 00:00:00
70,8.734672006134872,-75.88465357635918,Atropello Peatón,Solo Daños,0,0,2025-02-04 12:00:00
71,8.75983489013771,-75.87897510087518,Choque Vehicular,Solo Daños,0,0,2025-02-05 00:00:00
72,8.789250914161649,-75.86652107436407,Choque Vehicular,Solo Daños,0,0,2025-02-05 12:00:00
73,8.749904349022252,-75.90185551708083,Choque Vehicular,Solo Daños,0,0,2025-02-06 00:00:00
74,8.78991609139535,-75.82909031810786,Volcamiento,Con Heridos,0,1,2025-02-06 12:00:00
75,8.685306372397756,-75.9065504345375,Atropello Peatón,Solo Daños,0,0,2025-02-07 00:00:00
76,8.77134756260938,-75.91175471531969,Choque Vehicular,Solo Daños,0,0,2025-02-07 12:00:00
77,8.752976176705955,-75.8524472281625,Choque Vehicular,Con Heridos,0,2,2025-02-08 00:00:00
78,8.743324816238353,-75.86160843265093,Volcamiento,Solo Daños,0,0,2025-02-08 12:00:00
79,8.753094019413387,-75.8657970045737,Choque Vehicular,Con Heridos,0,2,2025-02-09 00:00:00
80,8.701110777134977,-75.8656913622684,Volcamiento,Solo Daños,0,0,2025-02-09 12:00:00
81,8.745308202804063,-75.88170616932118,Choque Vehicular,Solo Daños,0,0,2025-02-10 00:00:00
82,8.759727814287794,-75.90383135928714,Choque Vehicular,Con Heridos,0,3,2025-02-10 12:00:00
83,8.787747351118538,-75.87950488604515,Choque Vehicular,Con Heridos,0,1,2025-02-11 00:00:00
84,8.737843244543159,-75.89832904278781,Choque Vehicular,Con Heridos,0,2,2025-02-11 12:00:00
85,8.73058765992767,-75.85702200666455,Atropello Peatón,Solo Daños,0,0,2025-02-12 00:00:00
86,8.738256073910387,-75.88507643453755,Choque Vehicular,Solo Daños,0,0,2025-02-12 12:00:00
87,8.773685052942552,-75.90203742991982,Choque Vehicular,Solo Daños,0,0,2025-02-13 00:00:00
88,8.759018777741492,-75.88943464604132,Volcamiento,Solo Daños,0,0,2025-02-13 12:00:00
89,8.737555994905824,-75.8710767136431,Choque Vehicular,Con Muertos,2,0,2025-02-14 00:00:00
90,8.763631685827834,-75.8954931138201,Choque Vehicular,Solo Daños,0,0,2025-02-14 12:00:00
91,8.7532269387337,-75.90195550988916,Volcamiento,Con Muertos,2,0,2025-02-15 00:00:00
92,8.775016124763322,-75.8753078197127,Atropello Peatón,Solo Daños,0,0,2025-02-15 12:00:00
93,8.733248672653065,-75.87527583572228,Choque Vehicular,Solo Daños,0,0,2025-02-16 00:00:00
94,8.742608446335055,-75.89407357938428,Caída Ocupante,Solo Daños,0,0,2025-02-16 12:00:00
95,8.740997296171695,-75.89317595764045,Atropello Peatón,Con Heridos,0,1,2025-02-17 00:00:00
96,8.714212126296697,-75.87559875156606,Choque Vehicular,Con Heridos,0,2,2025-02-17 12:00:00
97,8.758203006926614,-75.91760210853744,Choque Vehicular,Con Heridos,0,2,2025-02-18 00:00:00
98,8.757326381804496,-75.91658659435942,Atropello Peatón,Con Heridos,0,1,2025-02-18 12:00:00
99,8.75092783641606,-75.89936110553131,Atropello Peatón,Con Heridos,0,2,2025-02-19 00:00:00
100,8.744935321665622,-75.8867361787928,Choque Vehicular,Con Heridos,0,2,2025-02-19 12:00:00
101,8.71541573144874,-75.87362731086004,Volcamiento,Solo Daños,0,0,2025-02-20 00:00:00
102,8.740283866930866,-75.84451609457626,Atropello Peatón,Solo Daños,0,0,2025-02-20 12:00:00
103,8.74223213708683,-75.85995850941995,Choque Vehicular,Solo Daños,0,0,2025-02-21 00:00:00
104,8.73074306826946,-75.88539846324909,Choque Vehicular,Con Muertos,1,0,2025-02-21 12:00:00
105,8.746767857208349,-75.88187540519756,Choque Vehicular,Con Muertos,1,0,2025-02-22 00:00:00
106,8.760901271420364,-75.90646323411595,Atropello Peatón,Solo Daños,0,0,2025-02-22 12:00:00
107,8.797954647530263,-75.8818628283998,Choque Vehicular,Con Heridos,0,3,2025-02-23 00:00:00
108,8.755164445320796,-75.888616465973,Atropello Peatón,Con Muertos,2,0,2025-02-23 12:00:00
109,8.75723875976807,-75.87333203599155,Atropello Peatón,Solo Daños,0,0,2025-02-24 00:00:00
110,8.748938852105846,-75.9020807735888,Volcamiento,Solo Daños,0,0,2025-02-24 12:00:00
111,8.702830719617523,-75.86841633714397,Choque Vehicular,Con Muertos,1,0,2025-02-25 00:00:00
112,8.75013715311377,-75.84308152717493,Volcamiento,Solo Daños,0,0,2025-02-25 12:00:00
113,8.752305755248525,-75.88411900371142,Choque Vehicular,Con Heridos,0,2,2025-02-26 00:00:00
114,8.812381052812132,-75.87135720694752,Volcamiento,Solo Daños,0,0,2025-02-26 12:00:00
115,8.745990975880472,-75.86414640020722,Choque Vehicular,Con Muertos,1,0,2025-02-27 00:00:00
116,8.75833868355834,-75.89143051179714,Choque Vehicular,Con Muertos,2,0,2025-02-27 12:00:00
117,8.74993220575737,-75.87579768795474,Atropello Peatón,Con Muertos,2,0,2025-02-28 00:00:00
118,8.721583049059511,-75.88108518998045,Choque Vehicular,Solo Daños,0,0,2025-02-28 12:00:00
119,8.779370570362875,-75.87895809753628,Choque Vehicular,Con Heridos,0,2,2025-03-01 00:00:00
120,8.769598325817169,-75.90072524459639,Atropello Peatón,Con Heridos,0,2,2025-03-01 12:00:00
121,8.770575798676076,-75.88078724564353,Atropello Peatón,Solo Daños,0,0,2025-03-02 00:00:00
122,8.72806531363013,-75.86895004271886,Atropello Peatón,Con Heridos,0,3,2025-03-02 12:00:00
123,8.785869857773402,-75.84512140980512,Atropello Peatón,Solo Daños,0,0,2025-03-03 00:00:00
124,8.715753723430193,-75.85741822934787,Choque Vehicular,Solo Daños,0,0,2025-03-03 12:00:00
125,8.765471427345007,-75.8275704385622,Choque Vehicular,Solo Daños,0,0,2025-03-04 00:00:00
126,8.805561390645249,-75.9005836890722,Choque Vehicular,Solo Daños,0,0,2025-03-04 12:00:00
127,8.726036591871733,-75.85959198408199,Choque Vehicular,Solo Daños,0,0,2025-03-05 00:00:00
128,8.73664255675993,-75.87681644985653,Volcamiento,Con Heridos,0,1,2025-03-05 12:00:00
129,8.75329128412719,-75.82665492666956,Atropello Peatón,Solo Daños,0,0,2025-03-06 00:00:00
130,8.738213108647095,-75.90160745713388,Choque Vehicular,Con Heridos,0,3,2025-03-06 12:00:00
131,8.712033414223347,-75.90239304605451,Choque Vehicular,Solo Daños,0,0,2025-03-07 00:00:00
132,8.75251407437015,-75.8963848161361,Caída Ocupante,Solo Daños,0,0,2025-03-07 12:00:00
133,8.724242407156847,-75.93449739310775,Choque Vehicular,Solo Daños,0,0,2025-03-08 00:00:00
134,8.76263981076588,-75.89454387554201,Atropello Peatón,Con Heridos,0,3,2025-03-08 12:00:00
135,8.727814394144154,-75.90037831653885,Choque Vehicular,Solo Daños,0,0,2025-03-09 00:00:00
136,8.789548360125439,-75.8776401553381,Atropello Peatón,Con Heridos,0,1,2025-03-09 12:00:00
137,8.731218667691595,-75.87285610060557,Choque Vehicular,Con Heridos,0,3,2025-03-10 00:00:00
138,8.742748462094857,-75.83449572901961,Volcamiento,Con Heridos,0,1,2025-03-10 12:00:00
139,8.771137930434241,-75.85763940404534,Caída Ocupante,Solo Daños,0,0,2025-03-11 00:00:00
140,8.720028392089151,-75.89582259139156,Atropello Peatón,Solo Daños,0,0,2025-03-11 12:00:00
141,8.756486498365103,-75.9038603667837,Atropello Peatón,Con Heridos,0,3,2025-03-12 00:00:00
142,8.78347856885706,-75.86910202071233,Caída Ocupante,Solo Daños,0,0,2025-03-12 12:00:00
143,8.710612919135968,-75.91440583017551,Atropello Peatón,Con Heridos,0,1,2025-03-13 00:00:00
144,8.755415846463308,-75.83561353085364,Choque Vehicular,Solo Daños,0,0,2025-03-13 12:00:00
145,8.757297069856211,-75.85191399698196,Atropello Peatón,Con Muertos,2,0,2025-03-14 00:00:00
146,8.770345571794433,-75.89312939130262,Atropello Peatón,Con Heridos,0,2,2025-03-14 12:00:00
147,8.719876232228048,-75.92422836322727,Choque Vehicular,Con Muertos,2,0,2025-03-15 00:00:00
148,8.717788584672894,-75.84755319064587,Atropello Peatón,Solo Daños,0,0,2025-03-15 12:00:00
149,8.763848539140422,-75.88426349613131,Caída Ocupante,Con Heridos,0,3,2025-03-16 00:00:00
150,8.75822461683083,-75.85045459220066,Caída Ocupante,Solo Daños,0,0,2025-03-16 12:00:00
151,8.757062321258648,-75.92126069146985,Choque Vehicular,Solo Daños,0,0,2025-03-17 00:00:00
152,8.759461205237423,-75.89638437557385,Choque Vehicular,Con Heridos,0,3,2025-03-17 12:00:00
153,8.733799381960537,-75.88126890750705,Caída Ocupante,Con Heridos,0,3,2025-03-18 00:00:00
154,8.756606342429025,-75.88022548515588,Volcamiento,Con Muertos,1,0,2025-03-18 12:00:00
155,8.758126811832467,-75.89265163678698,Choque Vehicular,Con Heridos,0,3,2025-03-19 00:00:00
156,8.73294121454934,-75.86582875169131,Caída Ocupante,Solo Daños,0,0,2025-03-19 12:00:00
157,8.797444362778618,-75.90809051073457,Volcamiento,Solo Daños,0,0,2025-03-20 00:00:00
158,8.762645823022794,-75.88495948712553,Choque Vehicular,Con Heridos,0,2,2025-03-20 12:00:00
159,8.721017412569934,-75.8783926092072,Atropello Peatón,Solo Daños,0,0,2025-03-21 00:00:00
160,8.767213840215845,-75.86853902914854,Choque Vehicular,Solo Daños,0,0,2025-03-21 12:00:00
161,8.726432958244317,-75.86360962804778,Choque Vehicular,Solo Daños,0,0,2025-03-22 00:00:00
162,8.770477115093561,-75.90951605229594,Choque Vehicular,Solo Daños,0,0,2025-03-22 12:00:00
163,8.779764889475185,-75.9197528542684,Volcamiento,Solo Daños,0,0,2025-03-23 00:00:00
164,8.730282942041207,-75.84945807945253,Choque Vehicular,Solo Daños,0,0,2025-03-23 12:00:00
165,8.774884403231107,-75.87309214970051,Choque Vehicular,Solo Daños,0,0,2025-03-24 00:00:00
166,8.761119523173413,-75.90011216341391,Choque Vehicular,Solo Daños,0,0,2025-03-24 12:00:00
167,8.771351503999862,-75.84262120061193,Choque Vehicular,Con Muertos,1,0,2025-03-25 00:00:00
168,8.798219824566349,-75.87850813414268,Volcamiento,Solo Daños,0,0,2025-03-25 12:00:00
169,8.744665297099928,-75.8519175703984,Choque Vehicular,Solo Daños,0,0,2025-03-26 00:00:00
170,8.731956595891063,-75.87971203796475,Choque Vehicular,Con Heridos,0,3,2025-03-26 12:00:00
171,8.728562139259362,-75.82988130187795,Atropello Peatón,Solo Daños,0,0,2025-03-27 00:00:00
172,8.730404742875864,-75.83751647893892,Choque Vehicular,Con Muertos,2,0,2025-03-27 12:00:00
173,8.748872457264648,-75.88762410371197,Choque Vehicular,Con Heridos,0,2,2025-03-28 00:00:00
174,8.759328799370415,-75.85711072622614,Choque Vehicular,Solo Daños,0,0,2025-03-28 12:00:00
175,8.75771726998325,-75.86526560126038,Choque Vehicular,Solo Daños,0,0,2025-03-29 00:00:00
176,8.7714795812259,-75.84718421106169,Choque Vehicular,Con Heridos,0,2,2025-03-29 12:00:00
177,8.751125047296947,-75.9055230865145,Choque Vehicular,Con Muertos,1,0,2025-03-30 00:00:00
178,8.787138351928933,-75.86424871350003,Choque Vehicular,Solo Daños,0,0,2025-03-30 12:00:00
179,8.744183579169052,-75.85493938782876,Volcamiento,Con Heridos,0,2,2025-03-31 00:00:00
180,8.81880422916474,-75.92536848716058,Choque Vehicular,Solo Daños,0,0,2025-03-31 12:00:00
181,8.766441683694126,-75.91098146281665,Atropello Peatón,Con Muertos,2,0,2025-04-01 00:00:00
182,8.729371061089592,-75.93238080444401,Atropello Peatón,Solo Daños,0,0,2025-04-01 12:00:00
183,8.724027687548473,-75.88813517086112,Choque Vehicular,Con Muertos,2,0,2025-04-02 00:00:00
184,8.762861810381079,-75.8634614436051,Atropello Peatón,Con Heridos,0,2,2025-04-02 12:00:00
185,8.745213430366853,-75.8438410736976,Choque Vehicular,Con Heridos,0,1,2025-04-03 00:00:00
186,8.768650012352301,-75.87954763048951,Caída Ocupante,Solo Daños,0,0,2025-04-03 12:00:00
187,8.762630940614338,-75.84068461136071,Choque Vehicular,Solo Daños,0,0,2025-04-04 00:00:00
188,8.748979277183578,-75.91590253645538,Choque Vehicular,Solo Daños,0,0,2025-04-04 12:00:00
189,8.72963015704829,-75.92398456098388,Choque Vehicular,Solo Daños,0,0,2025-04-05 00:00:00
190,8.712928819382853,-75.88278869247242,Caída Ocupante,Solo Daños,0,0,2025-04-05 12:00:00
191,8.739637126198325,-75.87179836377652,Choque Vehicular,Con Heridos,0,1,2025-04-06 00:00:00
192,8.772209969858087,-75.88221736870236,Atropello Peatón,Solo Daños,0,0,2025-04-06 12:00:00
193,8.756152343603254,-75.933086052501,Choque Vehicular,Solo Daños,0,0,2025-04-07 00:00:00
194,8.7196565305322,-75.88362800098781,Atropello Peatón,Con Muertos,1,0,2025-04-07 12:00:00
195,8.75512952314628,-75.91401173751262,Choque Vehicular,Con Heridos,0,3,2025-04-08 00:00:00
196,8.76043293449322,-75.86465818627924,Volcamiento,Con Muertos,2,0,2025-04-08 12:00:00
197,8.728703564094971,-75.87223504384758,Choque Vehicular,Con Muertos,1,0,2025-04-09 00:00:00
198,8.754643127648638,-75.90489699465819,Choque Vehicular,Solo Daños,0,0,2025-04-09 12:00:00
199,8.75225521796115,-75.89424667293342,Choque Vehicular,Solo Daños,0,0,2025-04-10 00:00:00
200,8.722225742554235,-75.90788033804722,Choque Vehicular,Con Heridos,0,1,2025-04-10 12:00:00
201,8.759744684008707,-75.88296697743183,Atropello Peatón,Con Heridos,0,1,2025-04-11 00:00:00
202,8.764819613159206,-75.85752144198747,Choque Vehicular,Solo Daños,0,0,2025-04-11 12:00:00
203,8.777876281079381,-75.90604315115839,Atropello Peatón,Con Heridos,0,3,2025-04-12 00:00:00
204,8.777145051300872,-75.86879883711205,Choque Vehicular,Solo Daños,0,0,2025-04-12 12:00:00
205,8.716358265801073,-75.89465644045931,Choque Vehicular,Solo Daños,0,0,2025-04-13 00:00:00
206,8.727354374002122,-75.90122182080655,Choque Vehicular,Solo Daños,0,0,2025-04-13 12:00:00
207,8.763675881680216,-75.88407575899886,Choque Vehicular,Solo Daños,0,0,2025-04-14 00:00:00
208,8.763644648772805,-75.90728105806048,Atropello Peatón,Solo Daños,0,0,2025-04-14 12:00:00
209,8.763676192157652,-75.89524123263368,Choque Vehicular,Solo Daños,0,0,2025-04-15 00:00:00
210,8.847118287266367,-75.91134694731473,Choque Vehicular,Con Heridos,0,3,2025-04-15 12:00:00
211,8.76507226276733,-75.83228187167708,Volcamiento,Solo Daños,0,0,2025-04-16 00:00:00
212,8.779189141004515,-75.88051841120071,Caída Ocupante,Solo Daños,0,0,2025-04-16 12:00:00
213,8.77465004408733,-75.89889313769982,Choque Vehicular,Con Heridos,0,3,2025-04-17 00:00:00
214,8.767084781282644,-75.87605050223165,Choque Vehicular,Con Muertos,1,0,2025-04-17 12:00:00
215,8.742918268883992,-75.88420820124227,Atropello Peatón,Con Heridos,0,1,2025-04-18 00:00:00
216,8.769774230512331,-75.88692423998833,Choque Vehicular,Con Heridos,0,1,2025-04-18 12:00:00
217,8.73147936963656,-75.86604583249891,Choque Vehicular,Con Heridos,0,3,2025-04-19 00:00:00
218,8.7448795348315,-75.86246230724882,Choque Vehicular,Solo Daños,0,0,2025-04-19 12:00:00
219,8.738665911304272,-75.89466252869026,Atropello Peatón,Solo Daños,0,0,2025-04-20 00:00:00
220,8.752846853484659,-75.89579545601612,Atropello Peatón,Solo Daños,0,0,2025-04-20 12:00:00
221,8.808666464166837,-75.88827629242878,Choque Vehicular,Solo Daños,0,0,2025-04-21 00:00:00
222,8.704118370185206,-75.9389480291184,Choque Vehicular,Solo Daños,0,0,2025-04-21 12:00:00
223,8.767956504759363,-75.91927977655496,Choque Vehicular,Con Heridos,0,2,2025-04-22 00:00:00
224,8.710482103220258,-75.84722814331388,Atropello Peatón,Solo Daños,0,0,2025-04-22 12:00:00
225,8.739001703355264,-75.84027580716247,Choque Vehicular,Solo Daños,0,0,2025-04-23 00:00:00
226,8.778023764924184,-75.88762590098891,Choque Vehicular,Solo Daños,0,0,2025-04-23 12:00:00
227,8.752407000477387,-75.8669860759236,Atropello Peatón,Con Heridos,0,3,2025-04-24 00:00:00
228,8.723856380551767,-75.87361874613642,Choque Vehicular,Solo Daños,0,0,2025-04-24 12:00:00
229,8.7329174072685,-75.80442797978861,Atropello Peatón,Con Heridos,0,2,2025-04-25 00:00:00
230,8.767789943723367,-75.85341062721413,Choque Vehicular,Solo Daños,0,0,2025-04-25 12:00:00
231,8.732540834207072,-75.88459793978701,Choque Vehicular,Solo Daños,0,0,2025-04-26 00:00:00
232,8.756211464739549,-75.90528851101502,Choque Vehicular,Solo Daños,0,0,2025-04-26 12:00:00
233,8.751939295997595,-75.92156115800644,Atropello Peatón,Con Heridos,0,2,2025-04-27 00:00:00
234,8.734509991309855,-75.87631340910332,Volcamiento,Solo Daños,0,0,2025-04-27 12:00:00
235,8.804398602233134,-75.9003087686321,Volcamiento,Con Heridos,0,3,2025-04-28 00:00:00
236,8.76664797555795,-75.91695634273994,Choque Vehicular,Solo Daños,0,0,2025-04-28 12:00:00
237,8.70017143533356,-75.89756432210606,Atropello Peatón,Solo Daños,0,0,2025-04-29 00:00:00
238,8.755461357869235,-75.90843870009036,Choque Vehicular,Con Heridos,0,3,2025-04-29 12:00:00
239,8.734255338380791,-75.83922145912318,Choque Vehicular,Con Heridos,0,3,2025-04-30 00:00:00
240,8.772110833369906,-75.85935900607626,Volcamiento,Con Heridos,0,1,2025-04-30 12:00:00
241,8.730986981539182,-75.88159931603292,Choque Vehicular,Con Heridos,0,2,2025-05-01 00:00:00
242,8.747931588963327,-75.84440139652774,Choque Vehicular,Con Heridos,0,1,2025-05-01 12:00:00
243,8.763424681974511,-75.8794657923088,Choque Vehicular,Con Heridos,0,1,2025-05-02 00:00:00
244,8.772443879854253,-75.9029321050332,Choque Vehicular,Con Heridos,0,3,2025-05-02 12:00:00
245,8.720792589823606,-75.84332189806825,Choque Vehicular,Con Heridos,0,1,2025-05-03 00:00:00
246,8.742437469103976,-75.86792724890789,Atropello Peatón,Con Heridos,0,3,2025-05-03 12:00:00
247,8.738926367220976,-75.90733115385817,Choque Vehicular,Con Heridos,0,2,2025-05-04 00:00:00
248,8.734466769185657,-75.8861584669521,Volcamiento,Con Heridos,0,3,2025-05-04 12:00:00
249,8.794936356007028,-75.90329045633462,Volcamiento,Solo Daños,0,0,2025-05-05 00:00:00
250,8.760924542774024,-75.9159699932741,Choque Vehicular,Con Heridos,0,1,2025-05-05 12:00:00
